<?xml version="1.0" encoding="UTF-8"?>
<configuration scan="true" scanPeriod="60 seconds" debug="false">
    <contextName>elAdmin Monitor</contextName>

    <!--输出到控制台-->
    <appender name="console" class="ch.qos.logback.core.ConsoleAppender">
        <encoder>
            <pattern>%black(%contextName-) %red(%d{yyyy-MM-dd HH:mm:ss}) %green([%thread]) %highlight(%-5level) %boldMagenta(%logger{36}) - %gray(%msg%n)</pattern>
            <charset>utf-8</charset>
        </encoder>
    </appender>

    <!--普通日志输出到控制台-->
    <root level="info">
        <appender-ref ref="console" />
    </root>
</configuration>
